"work_order_id","sample_month","unit_or_location","category","sub_category","priority","submitted_at","acknowledged_at","assigned_at","completed_at","status","assigned_to","vendor","description_summary","attachment_present","permission_to_enter","pet_present","reopened","resident_rating","cost_or_effort","routing_tags"
"SAMPLE-RH-0001","Jan","Unit sample 01","Plumbing","Garbage disposal","High","sample-Jan-01","sample + 1 day","sample + 1-2 days","sample + 2-10 days","Completed","Maintenance","Internal maintenance first","Sanitized sample Plumbing request for Garbage disposal.","No","Yes","No","No","sample 3-5","TBD","habitability-risk"
"SAMPLE-RH-0002","Jan","Unit sample 02","Plumbing","Shower drain","High","sample-Jan-02","sample + 1 day","sample + 1-2 days","sample + 2-10 days","Completed","Maintenance","Internal maintenance first","Sanitized sample Plumbing request for Shower drain.","No","Yes","No","No","sample 3-5","TBD","habitability-risk"
"SAMPLE-RH-0003","Jan","Unit sample 03","Plumbing","Toilet clog","High","sample-Jan-03","sample + 1 day","sample + 1-2 days","sample + 2-10 days","Completed","Maintenance","Internal maintenance first","Sanitized sample Plumbing request for Toilet clog.","No","Yes","Yes","No","sample 3-5","TBD","habitability-risk"
"SAMPLE-RH-0004","Jan","Unit sample 04","Plumbing","Sink leak","High","sample-Jan-04","sample + 1 day","sample + 1-2 days","sample + 2-10 days","Completed","Maintenance","Internal maintenance first","Sanitized sample Plumbing request for Sink leak.","No","Yes","No","No","sample 3-5","TBD","habitability-risk"
"SAMPLE-RH-0005","Jan","Unit sample 05","Plumbing","Hot water / shower issue","High","sample-Jan-05","sample + 1 day","sample + 1-2 days","sample + 2-10 days","Completed","Maintenance","Internal maintenance first","Sanitized sample Plumbing request for Hot water / shower issue.","No","Yes","Unknown","No","sample 3-5","TBD","habitability-risk"
"SAMPLE-RH-0006","Jan","Unit sample 06","Plumbing","Garbage disposal","High","sample-Jan-06","sample + 1 day","sample + 1-2 days","sample + 2-10 days","Completed","Maintenance","Internal maintenance first","Sanitized sample Plumbing request for Garbage disposal.","No","Yes","Yes","No","sample 3-5","TBD","habitability-risk"
"SAMPLE-RH-0007","Jan","Unit sample 07","Plumbing","Shower drain","High","sample-Jan-07","sample + 1 day","sample + 1-2 days","unavailable","Open","Maintenance","Internal maintenance first","Sanitized sample Plumbing request for Shower drain.","No","Yes","No","No","unavailable","TBD","habitability-risk"
"SAMPLE-RH-0008","Jan","Unit sample 08","Plumbing","Toilet clog","High","sample-Jan-08","sample + 1 day","sample + 1-2 days","sample + 2-10 days","Completed","Maintenance","Internal maintenance first","Sanitized sample Plumbing request for Toilet clog.","No","Yes","No","No","sample 3-5","TBD","habitability-risk"
"SAMPLE-RH-0009","Jan","Unit sample 09","Plumbing","Sink leak","High","sample-Jan-09","sample + 1 day","sample + 1-2 days","sample + 2-10 days","Completed","Maintenance","Internal maintenance first","Sanitized sample Plumbing request for Sink leak.","No","Yes","Yes","No","sample 3-5","TBD","habitability-risk"
"SAMPLE-RH-0010","Jan","Unit sample 10","Plumbing","Hot water / shower issue","High","sample-Jan-10","sample + 1 day","sample + 1-2 days","sample + 2-10 days","Completed","Maintenance","Internal maintenance first","Sanitized sample Plumbing request for Hot water / shower issue.","No","Yes","Unknown","No","sample 3-5","TBD","habitability-risk"
"SAMPLE-RH-0011","Jan","Unit sample 11","Plumbing","Garbage disposal","High","sample-Jan-11","sample + 1 day","sample + 1-2 days","sample + 2-10 days","Completed","Maintenance","Internal maintenance first","Sanitized sample Plumbing request for Garbage disposal.","No","Yes","No","No","sample 3-5","TBD","habitability-risk"
"SAMPLE-RH-0012","Jan","Unit sample 12","Plumbing","Shower drain","High","sample-Jan-12","sample + 1 day","sample + 1-2 days","sample + 2-10 days","Completed","Maintenance","Internal maintenance first","Sanitized sample Plumbing request for Shower drain.","No","Yes","Yes","No","sample 3-5","TBD","habitability-risk"
"SAMPLE-RH-0013","Jan","Unit sample 13","Plumbing","Toilet clog","High","sample-Jan-13","sample + 1 day","sample + 1-2 days","unavailable","Reopened","Maintenance","Internal maintenance first","Sanitized sample Plumbing request for Toilet clog.","No","Yes","No","Yes","unavailable","TBD","habitability-risk"
"SAMPLE-RH-0014","Jan","Unit sample 14","Plumbing","Sink leak","High","sample-Jan-14","sample + 1 day","sample + 1-2 days","unavailable","Open","Maintenance","Internal maintenance first","Sanitized sample Plumbing request for Sink leak.","No","Yes","No","No","unavailable","TBD","habitability-risk"
"SAMPLE-RH-0015","Jan","Unit sample 15","Plumbing","Hot water / shower issue","High","sample-Jan-15","sample + 1 day","sample + 1-2 days","sample + 2-10 days","Completed","Maintenance","Internal maintenance first","Sanitized sample Plumbing request for Hot water / shower issue.","No","Yes","Yes","No","sample 3-5","TBD","habitability-risk"
"SAMPLE-RH-0016","Jan","Unit sample 16","Plumbing","Garbage disposal","High","sample-Jan-16","sample + 1 day","sample + 1-2 days","sample + 2-10 days","Completed","Maintenance","Internal maintenance first","Sanitized sample Plumbing request for Garbage disposal.","No","Yes","No","No","sample 3-5","TBD","habitability-risk"
"SAMPLE-RH-0017","Jan","Unit sample 17","Plumbing","Shower drain","High","sample-Jan-17","sample + 1 day","sample + 1-2 days","sample + 2-10 days","Completed","Maintenance","Internal maintenance first","Sanitized sample Plumbing request for Shower drain.","No","Yes","No","No","sample 3-5","TBD","habitability-risk"
"SAMPLE-RH-0018","Feb","Unit sample 18","Plumbing","Toilet clog","High","sample-Feb-01","sample + 1 day","sample + 1-2 days","sample + 2-10 days","Completed","Maintenance","Internal maintenance first","Sanitized sample Plumbing request for Toilet clog.","No","Yes","Yes","No","sample 3-5","TBD","habitability-risk"
"SAMPLE-RH-0019","Feb","Unit sample 19","Plumbing","Sink leak","High","sample-Feb-02","sample + 1 day","sample + 1-2 days","sample + 2-10 days","Completed","Maintenance","Internal maintenance first","Sanitized sample Plumbing request for Sink leak.","No","Yes","No","No","sample 3-5","TBD","habitability-risk"
"SAMPLE-RH-0020","Feb","Unit sample 20","Plumbing","Hot water / shower issue","High","sample-Feb-03","sample + 1 day","sample + 1-2 days","sample + 2-10 days","Completed","Maintenance","Internal maintenance first","Sanitized sample Plumbing request for Hot water / shower issue.","No","Yes","Unknown","No","sample 3-5","TBD","habitability-risk"
"SAMPLE-RH-0021","Feb","Unit sample 21","Plumbing","Garbage disposal","High","sample-Feb-04","sample + 1 day","sample + 1-2 days","unavailable","Open","Maintenance","Internal maintenance first","Sanitized sample Plumbing request for Garbage disposal.","No","Yes","Yes","No","unavailable","TBD","habitability-risk"
"SAMPLE-RH-0022","Feb","Unit sample 22","Plumbing","Shower drain","High","sample-Feb-05","sample + 1 day","sample + 1-2 days","sample + 2-10 days","Completed","Maintenance","Internal maintenance first","Sanitized sample Plumbing request for Shower drain.","No","Yes","No","No","sample 3-5","TBD","habitability-risk"
"SAMPLE-RH-0023","Feb","Unit sample 23","Plumbing","Toilet clog","High","sample-Feb-06","sample + 1 day","sample + 1-2 days","sample + 2-10 days","Completed","Maintenance","Internal maintenance first","Sanitized sample Plumbing request for Toilet clog.","No","Yes","No","No","sample 3-5","TBD","habitability-risk"
"SAMPLE-RH-0024","Feb","Unit sample 24","Plumbing","Sink leak","High","sample-Feb-07","sample + 1 day","sample + 1-2 days","sample + 2-10 days","Completed","Maintenance","Internal maintenance first","Sanitized sample Plumbing request for Sink leak.","No","Yes","Yes","No","sample 3-5","TBD","habitability-risk"
"SAMPLE-RH-0025","Feb","Unit sample 25","Plumbing","Hot water / shower issue","High","sample-Feb-08","sample + 1 day","sample + 1-2 days","sample + 2-10 days","Completed","Maintenance","Internal maintenance first","Sanitized sample Plumbing request for Hot water / shower issue.","No","Yes","Unknown","No","sample 3-5","TBD","habitability-risk"
"SAMPLE-RH-0026","Feb","Unit sample 26","Plumbing","Garbage disposal","High","sample-Feb-09","sample + 1 day","sample + 1-2 days","unavailable","Reopened","Maintenance","Internal maintenance first","Sanitized sample Plumbing request for Garbage disposal.","No","Yes","No","Yes","unavailable","TBD","habitability-risk"
"SAMPLE-RH-0027","Feb","Unit sample 27","Plumbing","Shower drain","High","sample-Feb-10","sample + 1 day","sample + 1-2 days","sample + 2-10 days","Completed","Maintenance","Internal maintenance first","Sanitized sample Plumbing request for Shower drain.","No","Yes","Yes","No","sample 3-5","TBD","habitability-risk"
"SAMPLE-RH-0028","Feb","Unit sample 28","Plumbing","Toilet clog","High","sample-Feb-11","sample + 1 day","sample + 1-2 days","unavailable","Open","Maintenance","Internal maintenance first","Sanitized sample Plumbing request for Toilet clog.","No","Yes","No","No","unavailable","TBD","habitability-risk"
"SAMPLE-RH-0029","Feb","Unit sample 29","Plumbing","Sink leak","High","sample-Feb-12","sample + 1 day","sample + 1-2 days","sample + 2-10 days","Completed","Maintenance","Internal maintenance first","Sanitized sample Plumbing request for Sink leak.","No","Yes","No","No","sample 3-5","TBD","habitability-risk"
"SAMPLE-RH-0030","Feb","Unit sample 30","Plumbing","Hot water / shower issue","High","sample-Feb-13","sample + 1 day","sample + 1-2 days","sample + 2-10 days","Completed","Maintenance","Internal maintenance first","Sanitized sample Plumbing request for Hot water / shower issue.","No","Yes","Yes","No","sample 3-5","TBD","habitability-risk"
"SAMPLE-RH-0031","Feb","Unit sample 31","Plumbing","Garbage disposal","High","sample-Feb-14","sample + 1 day","sample + 1-2 days","sample + 2-10 days","Completed","Maintenance","Internal maintenance first","Sanitized sample Plumbing request for Garbage disposal.","No","Yes","No","No","sample 3-5","TBD","habitability-risk"
"SAMPLE-RH-0032","Feb","Unit sample 32","Plumbing","Shower drain","High","sample-Feb-15","sample + 1 day","sample + 1-2 days","sample + 2-10 days","Completed","Maintenance","Internal maintenance first","Sanitized sample Plumbing request for Shower drain.","No","Yes","No","No","sample 3-5","TBD","habitability-risk"
"SAMPLE-RH-0033","Feb","Unit sample 33","Plumbing","Toilet clog","High","sample-Feb-16","sample + 1 day","sample + 1-2 days","sample + 2-10 days","Completed","Maintenance","Internal maintenance first","Sanitized sample Plumbing request for Toilet clog.","No","Yes","Yes","No","sample 3-5","TBD","habitability-risk"
"SAMPLE-RH-0034","Feb","Unit sample 34","Plumbing","Sink leak","High","sample-Feb-17","sample + 1 day","sample + 1-2 days","sample + 2-10 days","Completed","Maintenance","Internal maintenance first","Sanitized sample Plumbing request for Sink leak.","No","Yes","No","No","sample 3-5","TBD","habitability-risk"
"SAMPLE-RH-0035","Feb","Unit sample 35","Plumbing","Hot water / shower issue","High","sample-Feb-18","sample + 1 day","sample + 1-2 days","unavailable","Open","Maintenance","Internal maintenance first","Sanitized sample Plumbing request for Hot water / shower issue.","No","Yes","Unknown","No","unavailable","TBD","habitability-risk"
"SAMPLE-RH-0036","Mar","Unit sample 36","Plumbing","Garbage disposal","High","sample-Mar-01","sample + 1 day","sample + 1-2 days","sample + 2-10 days","Completed","Maintenance","Internal maintenance first","Sanitized sample Plumbing request for Garbage disposal.","No","Yes","Yes","No","sample 3-5","TBD","habitability-risk"
"SAMPLE-RH-0037","Mar","Unit sample 37","Plumbing","Shower drain","High","sample-Mar-02","sample + 1 day","sample + 1-2 days","sample + 2-10 days","Completed","Maintenance","Internal maintenance first","Sanitized sample Plumbing request for Shower drain.","No","Yes","No","No","sample 3-5","TBD","habitability-risk"
"SAMPLE-RH-0038","Mar","Unit sample 38","Plumbing","Toilet clog","High","sample-Mar-03","sample + 1 day","sample + 1-2 days","sample + 2-10 days","Completed","Maintenance","Internal maintenance first","Sanitized sample Plumbing request for Toilet clog.","No","Yes","No","No","sample 3-5","TBD","habitability-risk"
"SAMPLE-RH-0039","Mar","Unit sample 39","Plumbing","Sink leak","High","sample-Mar-04","sample + 1 day","sample + 1-2 days","unavailable","Reopened","Maintenance","Internal maintenance first","Sanitized sample Plumbing request for Sink leak.","No","Yes","Yes","Yes","unavailable","TBD","habitability-risk"
"SAMPLE-RH-0040","Mar","Unit sample 40","Plumbing","Hot water / shower issue","High","sample-Mar-05","sample + 1 day","sample + 1-2 days","sample + 2-10 days","Completed","Maintenance","Internal maintenance first","Sanitized sample Plumbing request for Hot water / shower issue.","No","Yes","Unknown","No","sample 3-5","TBD","habitability-risk"
"SAMPLE-RH-0041","Mar","Unit sample 41","Plumbing","Garbage disposal","High","sample-Mar-06","sample + 1 day","sample + 1-2 days","sample + 2-10 days","Completed","Maintenance","Internal maintenance first","Sanitized sample Plumbing request for Garbage disposal.","No","Yes","No","No","sample 3-5","TBD","habitability-risk"
"SAMPLE-RH-0042","Mar","Unit sample 42","Plumbing","Shower drain","High","sample-Mar-07","sample + 1 day","sample + 1-2 days","unavailable","Open","Maintenance","Internal maintenance first","Sanitized sample Plumbing request for Shower drain.","No","Yes","Yes","No","unavailable","TBD","habitability-risk"
"SAMPLE-RH-0043","Mar","Unit sample 43","Plumbing","Toilet clog","High","sample-Mar-08","sample + 1 day","sample + 1-2 days","sample + 2-10 days","Completed","Maintenance","Internal maintenance first","Sanitized sample Plumbing request for Toilet clog.","No","Yes","No","No","sample 3-5","TBD","habitability-risk"
"SAMPLE-RH-0044","Mar","Unit sample 44","Plumbing","Sink leak","High","sample-Mar-09","sample + 1 day","sample + 1-2 days","sample + 2-10 days","Completed","Maintenance","Internal maintenance first","Sanitized sample Plumbing request for Sink leak.","No","Yes","No","No","sample 3-5","TBD","habitability-risk"
"SAMPLE-RH-0045","Mar","Unit sample 45","Appliances","Stove","Medium","sample-Mar-10","sample + 1 day","sample + 1-2 days","sample + 2-10 days","Completed","Maintenance","Internal maintenance first","Sanitized sample Appliances request for Stove.","No","Yes","Yes","No","sample 3-5","TBD","daily-life-breaker"
"SAMPLE-RH-0046","Mar","Unit sample 46","Appliances","Microwave","Medium","sample-Mar-11","sample + 1 day","sample + 1-2 days","sample + 2-10 days","Completed","Maintenance","Internal maintenance first","Sanitized sample Appliances request for Microwave.","No","Yes","No","No","sample 3-5","TBD","daily-life-breaker"
"SAMPLE-RH-0047","Mar","Unit sample 47","Appliances","Trash Compactor","Medium","sample-Mar-12","sample + 1 day","sample + 1-2 days","sample + 2-10 days","Completed","Maintenance","Internal maintenance first","Sanitized sample Appliances request for Trash Compactor.","No","Yes","No","No","sample 3-5","TBD","daily-life-breaker"
"SAMPLE-RH-0048","Mar","Unit sample 48","Appliances","Washer/Dryer","Medium","sample-Mar-13","sample + 1 day","sample + 1-2 days","sample + 2-10 days","Completed","Maintenance","Internal maintenance first","Sanitized sample Appliances request for Washer/Dryer.","No","Yes","Yes","No","sample 3-5","TBD","daily-life-breaker"
"SAMPLE-RH-0049","Mar","Unit sample 49","Appliances","Dishwasher","Medium","sample-Mar-14","sample + 1 day","sample + 1-2 days","unavailable","Open","Maintenance","Internal maintenance first","Sanitized sample Appliances request for Dishwasher.","No","Yes","No","No","unavailable","TBD","daily-life-breaker"
"SAMPLE-RH-0050","Mar","Unit sample 50","Appliances","Refrigerator","Medium","sample-Mar-15","sample + 1 day","sample + 1-2 days","sample + 2-10 days","Completed","Maintenance","Internal maintenance first","Sanitized sample Appliances request for Refrigerator.","No","Yes","Unknown","No","sample 3-5","TBD","daily-life-breaker"
"SAMPLE-RH-0051","Mar","Unit sample 51","Appliances","Stove","Medium","sample-Mar-16","sample + 1 day","sample + 1-2 days","sample + 2-10 days","Completed","Maintenance","Internal maintenance first","Sanitized sample Appliances request for Stove.","No","Yes","Yes","No","sample 3-5","TBD","daily-life-breaker"
"SAMPLE-RH-0052","Mar","Unit sample 52","Appliances","Microwave","Medium","sample-Mar-17","sample + 1 day","sample + 1-2 days","unavailable","Reopened","Maintenance","Internal maintenance first","Sanitized sample Appliances request for Microwave.","No","Yes","No","Yes","unavailable","TBD","daily-life-breaker"
"SAMPLE-RH-0053","Mar","Unit sample 53","Appliances","Trash Compactor","Medium","sample-Mar-18","sample + 1 day","sample + 1-2 days","sample + 2-10 days","Completed","Maintenance","Internal maintenance first","Sanitized sample Appliances request for Trash Compactor.","No","Yes","No","No","sample 3-5","TBD","daily-life-breaker"
"SAMPLE-RH-0054","Apr","Unit sample 54","Appliances","Washer/Dryer","Medium","sample-Apr-01","sample + 1 day","sample + 1-2 days","sample + 2-10 days","Completed","Maintenance","Internal maintenance first","Sanitized sample Appliances request for Washer/Dryer.","No","Yes","Yes","No","sample 3-5","TBD","daily-life-breaker"
"SAMPLE-RH-0055","Apr","Unit sample 55","Appliances","Dishwasher","Medium","sample-Apr-02","sample + 1 day","sample + 1-2 days","sample + 2-10 days","Completed","Maintenance","Internal maintenance first","Sanitized sample Appliances request for Dishwasher.","No","Yes","Unknown","No","sample 3-5","TBD","daily-life-breaker"
"SAMPLE-RH-0056","Apr","Unit sample 56","Appliances","Refrigerator","Medium","sample-Apr-03","sample + 1 day","sample + 1-2 days","unavailable","Open","Maintenance","Internal maintenance first","Sanitized sample Appliances request for Refrigerator.","No","Yes","No","No","unavailable","TBD","daily-life-breaker"
"SAMPLE-RH-0057","Apr","Unit sample 57","Appliances","Stove","Medium","sample-Apr-04","sample + 1 day","sample + 1-2 days","sample + 2-10 days","Completed","Maintenance","Internal maintenance first","Sanitized sample Appliances request for Stove.","No","Yes","Yes","No","sample 3-5","TBD","daily-life-breaker"
"SAMPLE-RH-0058","Apr","Unit sample 58","Appliances","Microwave","Medium","sample-Apr-05","sample + 1 day","sample + 1-2 days","sample + 2-10 days","Completed","Maintenance","Internal maintenance first","Sanitized sample Appliances request for Microwave.","No","Yes","No","No","sample 3-5","TBD","daily-life-breaker"
"SAMPLE-RH-0059","Apr","Unit sample 59","Appliances","Trash Compactor","Medium","sample-Apr-06","sample + 1 day","sample + 1-2 days","sample + 2-10 days","Completed","Maintenance","Internal maintenance first","Sanitized sample Appliances request for Trash Compactor.","No","Yes","No","No","sample 3-5","TBD","daily-life-breaker"
"SAMPLE-RH-0060","Apr","Unit sample 60","Appliances","Washer/Dryer","Medium","sample-Apr-07","sample + 1 day","sample + 1-2 days","sample + 2-10 days","Completed","Maintenance","Internal maintenance first","Sanitized sample Appliances request for Washer/Dryer.","No","Yes","Yes","No","sample 3-5","TBD","daily-life-breaker"
"SAMPLE-RH-0061","Apr","Unit sample 01","Appliances","Dishwasher","Medium","sample-Apr-08","sample + 1 day","sample + 1-2 days","sample + 2-10 days","Completed","Maintenance","Internal maintenance first","Sanitized sample Appliances request for Dishwasher.","No","Yes","No","No","sample 3-5","TBD","daily-life-breaker"
"SAMPLE-RH-0062","Apr","Unit sample 02","Appliances","Refrigerator","Medium","sample-Apr-09","sample + 1 day","sample + 1-2 days","sample + 2-10 days","Completed","Maintenance","Internal maintenance first","Sanitized sample Appliances request for Refrigerator.","No","Yes","No","No","sample 3-5","TBD","daily-life-breaker"
"SAMPLE-RH-0063","Apr","Unit sample 03","Appliances","Stove","Medium","sample-Apr-10","sample + 1 day","sample + 1-2 days","unavailable","Open","Maintenance","Internal maintenance first","Sanitized sample Appliances request for Stove.","No","Yes","Yes","No","unavailable","TBD","daily-life-breaker"
"SAMPLE-RH-0064","Apr","Unit sample 04","Appliances","Microwave","Medium","sample-Apr-11","sample + 1 day","sample + 1-2 days","sample + 2-10 days","Completed","Maintenance","Internal maintenance first","Sanitized sample Appliances request for Microwave.","No","Yes","No","No","sample 3-5","TBD","daily-life-breaker"
"SAMPLE-RH-0065","Apr","Unit sample 05","Appliances","Trash Compactor","Medium","sample-Apr-12","sample + 1 day","sample + 1-2 days","unavailable","Reopened","Maintenance","Internal maintenance first","Sanitized sample Appliances request for Trash Compactor.","No","Yes","Unknown","Yes","unavailable","TBD","daily-life-breaker"
"SAMPLE-RH-0066","Apr","Unit sample 06","Appliances","Washer/Dryer","Medium","sample-Apr-13","sample + 1 day","sample + 1-2 days","sample + 2-10 days","Completed","Maintenance","Internal maintenance first","Sanitized sample Appliances request for Washer/Dryer.","No","Yes","Yes","No","sample 3-5","TBD","daily-life-breaker"
"SAMPLE-RH-0067","Apr","Unit sample 07","Appliances","Dishwasher","Medium","sample-Apr-14","sample + 1 day","sample + 1-2 days","sample + 2-10 days","Completed","Maintenance","Internal maintenance first","Sanitized sample Appliances request for Dishwasher.","No","Yes","No","No","sample 3-5","TBD","daily-life-breaker"
"SAMPLE-RH-0068","Apr","Unit sample 08","Appliances","Refrigerator","Medium","sample-Apr-15","sample + 1 day","sample + 1-2 days","sample + 2-10 days","Completed","Maintenance","Internal maintenance first","Sanitized sample Appliances request for Refrigerator.","No","Yes","No","No","sample 3-5","TBD","daily-life-breaker"
"SAMPLE-RH-0069","Apr","Unit sample 09","Appliances","Stove","Medium","sample-Apr-16","sample + 1 day","sample + 1-2 days","sample + 2-10 days","Completed","Maintenance","Internal maintenance first","Sanitized sample Appliances request for Stove.","No","Yes","Yes","No","sample 3-5","TBD","daily-life-breaker"
"SAMPLE-RH-0070","Apr","Unit sample 10","Appliances","Microwave","Medium","sample-Apr-17","sample + 1 day","sample + 1-2 days","unavailable","Open","Maintenance","Internal maintenance first","Sanitized sample Appliances request for Microwave.","No","Yes","Unknown","No","unavailable","TBD","daily-life-breaker"
"SAMPLE-RH-0071","May","Unit sample 11","Appliances","Trash Compactor","Medium","sample-May-01","sample + 1 day","sample + 1-2 days","sample + 2-10 days","Completed","Maintenance","Internal maintenance first","Sanitized sample Appliances request for Trash Compactor.","No","Yes","No","No","sample 3-5","TBD","daily-life-breaker"
"SAMPLE-RH-0072","May","Unit sample 12","Appliances","Washer/Dryer","Medium","sample-May-02","sample + 1 day","sample + 1-2 days","sample + 2-10 days","Completed","Maintenance","Internal maintenance first","Sanitized sample Appliances request for Washer/Dryer.","No","Yes","Yes","No","sample 3-5","TBD","daily-life-breaker"
"SAMPLE-RH-0073","May","Unit sample 13","Appliances","Dishwasher","Medium","sample-May-03","sample + 1 day","sample + 1-2 days","sample + 2-10 days","Completed","Maintenance","Internal maintenance first","Sanitized sample Appliances request for Dishwasher.","No","Yes","No","No","sample 3-5","TBD","daily-life-breaker"
"SAMPLE-RH-0074","May","Unit sample 14","Appliances","Refrigerator","Medium","sample-May-04","sample + 1 day","sample + 1-2 days","sample + 2-10 days","Completed","Maintenance","Internal maintenance first","Sanitized sample Appliances request for Refrigerator.","No","Yes","No","No","sample 3-5","TBD","daily-life-breaker"
"SAMPLE-RH-0075","May","Unit sample 15","Appliances","Stove","Medium","sample-May-05","sample + 1 day","sample + 1-2 days","sample + 2-10 days","Completed","Maintenance","Internal maintenance first","Sanitized sample Appliances request for Stove.","No","Yes","Yes","No","sample 3-5","TBD","daily-life-breaker"
"SAMPLE-RH-0076","May","Unit sample 16","Appliances","Microwave","Medium","sample-May-06","sample + 1 day","sample + 1-2 days","sample + 2-10 days","Completed","Maintenance","Internal maintenance first","Sanitized sample Appliances request for Microwave.","No","Yes","No","No","sample 3-5","TBD","daily-life-breaker"
"SAMPLE-RH-0077","May","Unit sample 17","Appliances","Trash Compactor","Medium","sample-May-07","sample + 1 day","sample + 1-2 days","unavailable","Open","Maintenance","Internal maintenance first","Sanitized sample Appliances request for Trash Compactor.","No","Yes","No","No","unavailable","TBD","daily-life-breaker"
"SAMPLE-RH-0078","May","Unit sample 18","Appliances","Washer/Dryer","Medium","sample-May-08","sample + 1 day","sample + 1-2 days","unavailable","Reopened","Maintenance","Internal maintenance first","Sanitized sample Appliances request for Washer/Dryer.","No","Yes","Yes","Yes","unavailable","TBD","daily-life-breaker"
"SAMPLE-RH-0079","May","Unit sample 19","Appliances","Dishwasher","Medium","sample-May-09","sample + 1 day","sample + 1-2 days","sample + 2-10 days","Completed","Maintenance","Internal maintenance first","Sanitized sample Appliances request for Dishwasher.","No","Yes","No","No","sample 3-5","TBD","daily-life-breaker"
"SAMPLE-RH-0080","May","Unit sample 20","Appliances","Refrigerator","Medium","sample-May-10","sample + 1 day","sample + 1-2 days","sample + 2-10 days","Completed","Maintenance","Internal maintenance first","Sanitized sample Appliances request for Refrigerator.","No","Yes","Unknown","No","sample 3-5","TBD","daily-life-breaker"
"SAMPLE-RH-0081","May","Unit sample 21","Appliances","Stove","Medium","sample-May-11","sample + 1 day","sample + 1-2 days","sample + 2-10 days","Completed","Maintenance","Internal maintenance first","Sanitized sample Appliances request for Stove.","No","Yes","Yes","No","sample 3-5","TBD","daily-life-breaker"
"SAMPLE-RH-0082","May","Unit sample 22","Appliances","Microwave","Medium","sample-May-12","sample + 1 day","sample + 1-2 days","sample + 2-10 days","Completed","Maintenance","Internal maintenance first","Sanitized sample Appliances request for Microwave.","No","Yes","No","No","sample 3-5","TBD","daily-life-breaker"
"SAMPLE-RH-0083","May","Unit sample 23","Appliances","Trash Compactor","Medium","sample-May-13","sample + 1 day","sample + 1-2 days","sample + 2-10 days","Completed","Maintenance","Internal maintenance first","Sanitized sample Appliances request for Trash Compactor.","No","Yes","No","No","sample 3-5","TBD","daily-life-breaker"
"SAMPLE-RH-0084","May","Unit sample 24","Appliances","Washer/Dryer","Medium","sample-May-14","sample + 1 day","sample + 1-2 days","unavailable","Open","Maintenance","Internal maintenance first","Sanitized sample Appliances request for Washer/Dryer.","No","Yes","Yes","No","unavailable","TBD","daily-life-breaker"
"SAMPLE-RH-0085","May","Unit sample 25","Water Intrusion/Drywall","Mold / Mildew Issue","High","sample-May-15","sample + 1 day","sample + 1-2 days","sample + 2-10 days","Completed","Maintenance + vendor","External vendor likely","Sanitized sample Water Intrusion/Drywall request for Mold / Mildew Issue.","Yes","Yes","Unknown","No","sample 3-5","TBD","habitability-risk"
"SAMPLE-RH-0086","May","Unit sample 26","Water Intrusion/Drywall","Sheetrock","High","sample-May-16","sample + 1 day","sample + 1-2 days","sample + 2-10 days","Completed","Maintenance + vendor","External vendor likely","Sanitized sample Water Intrusion/Drywall request for Sheetrock.","Yes","Yes","No","No","sample 3-5","TBD","habitability-risk"
"SAMPLE-RH-0087","May","Unit sample 27","Water Intrusion/Drywall","Ceiling stain","High","sample-May-17","sample + 1 day","sample + 1-2 days","sample + 2-10 days","Completed","Maintenance + vendor","External vendor likely","Sanitized sample Water Intrusion/Drywall request for Ceiling stain.","Yes","Yes","Yes","No","sample 3-5","TBD","habitability-risk"
"SAMPLE-RH-0088","May","Unit sample 28","Water Intrusion/Drywall","Wall moisture","High","sample-May-18","sample + 1 day","sample + 1-2 days","sample + 2-10 days","Completed","Maintenance + vendor","External vendor likely","Sanitized sample Water Intrusion/Drywall request for Wall moisture.","Yes","Yes","No","No","sample 3-5","TBD","habitability-risk"
"SAMPLE-RH-0089","May","Unit sample 29","Water Intrusion/Drywall","Mold / Mildew Issue","High","sample-May-19","sample + 1 day","sample + 1-2 days","sample + 2-10 days","Completed","Maintenance + vendor","External vendor likely","Sanitized sample Water Intrusion/Drywall request for Mold / Mildew Issue.","Yes","Yes","No","No","sample 3-5","TBD","habitability-risk"
"SAMPLE-RH-0090","Jun","Unit sample 30","Water Intrusion/Drywall","Sheetrock","High","sample-Jun-01","sample + 1 day","sample + 1-2 days","sample + 2-10 days","Completed","Maintenance + vendor","External vendor likely","Sanitized sample Water Intrusion/Drywall request for Sheetrock.","Yes","Yes","Yes","No","sample 3-5","TBD","habitability-risk"
"SAMPLE-RH-0091","Jun","Unit sample 31","Water Intrusion/Drywall","Ceiling stain","High","sample-Jun-02","sample + 1 day","sample + 1-2 days","unavailable","Reopened","Maintenance + vendor","External vendor likely","Sanitized sample Water Intrusion/Drywall request for Ceiling stain.","Yes","Yes","No","Yes","unavailable","TBD","habitability-risk"
"SAMPLE-RH-0092","Jun","Unit sample 32","Water Intrusion/Drywall","Wall moisture","High","sample-Jun-03","sample + 1 day","sample + 1-2 days","sample + 2-10 days","Completed","Maintenance + vendor","External vendor likely","Sanitized sample Water Intrusion/Drywall request for Wall moisture.","Yes","Yes","No","No","sample 3-5","TBD","habitability-risk"
"SAMPLE-RH-0093","Jun","Unit sample 33","Water Intrusion/Drywall","Mold / Mildew Issue","High","sample-Jun-04","sample + 1 day","sample + 1-2 days","sample + 2-10 days","Completed","Maintenance + vendor","External vendor likely","Sanitized sample Water Intrusion/Drywall request for Mold / Mildew Issue.","Yes","Yes","Yes","No","sample 3-5","TBD","habitability-risk"
"SAMPLE-RH-0094","Jun","Unit sample 34","Water Intrusion/Drywall","Sheetrock","High","sample-Jun-05","sample + 1 day","sample + 1-2 days","sample + 2-10 days","Completed","Maintenance + vendor","External vendor likely","Sanitized sample Water Intrusion/Drywall request for Sheetrock.","Yes","Yes","No","No","sample 3-5","TBD","habitability-risk"
"SAMPLE-RH-0095","Jun","Unit sample 35","Water Intrusion/Drywall","Ceiling stain","High","sample-Jun-06","sample + 1 day","sample + 1-2 days","sample + 2-10 days","Completed","Maintenance + vendor","External vendor likely","Sanitized sample Water Intrusion/Drywall request for Ceiling stain.","Yes","Yes","Unknown","No","sample 3-5","TBD","habitability-risk"
"SAMPLE-RH-0096","Jun","Unit sample 36","Water Intrusion/Drywall","Wall moisture","High","sample-Jun-07","sample + 1 day","sample + 1-2 days","sample + 2-10 days","Completed","Maintenance + vendor","External vendor likely","Sanitized sample Water Intrusion/Drywall request for Wall moisture.","Yes","Yes","Yes","No","sample 3-5","TBD","habitability-risk"
"SAMPLE-RH-0097","Jun","Unit sample 37","Water Intrusion/Drywall","Mold / Mildew Issue","High","sample-Jun-08","sample + 1 day","sample + 1-2 days","sample + 2-10 days","Completed","Maintenance + vendor","External vendor likely","Sanitized sample Water Intrusion/Drywall request for Mold / Mildew Issue.","Yes","Yes","No","No","sample 3-5","TBD","habitability-risk"
"SAMPLE-RH-0098","Jun","Unit sample 38","Water Intrusion/Drywall","Sheetrock","High","sample-Jun-09","sample + 1 day","sample + 1-2 days","unavailable","Open","Maintenance + vendor","External vendor likely","Sanitized sample Water Intrusion/Drywall request for Sheetrock.","Yes","Yes","No","No","unavailable","TBD","habitability-risk"
"SAMPLE-RH-0099","Jun","Unit sample 39","Water Intrusion/Drywall","Ceiling stain","High","sample-Jun-10","sample + 1 day","sample + 1-2 days","sample + 2-10 days","Completed","Maintenance + vendor","External vendor likely","Sanitized sample Water Intrusion/Drywall request for Ceiling stain.","Yes","Yes","Yes","No","sample 3-5","TBD","habitability-risk"
"SAMPLE-RH-0100","Jun","Unit sample 40","Water Intrusion/Drywall","Wall moisture","High","sample-Jun-11","sample + 1 day","sample + 1-2 days","sample + 2-10 days","Completed","Maintenance + vendor","External vendor likely","Sanitized sample Water Intrusion/Drywall request for Wall moisture.","Yes","Yes","Unknown","No","sample 3-5","TBD","habitability-risk"
"SAMPLE-RH-0101","Jun","Unit sample 41","Water Intrusion/Drywall","Mold / Mildew Issue","High","sample-Jun-12","sample + 1 day","sample + 1-2 days","sample + 2-10 days","Completed","Maintenance + vendor","External vendor likely","Sanitized sample Water Intrusion/Drywall request for Mold / Mildew Issue.","Yes","Yes","No","No","sample 3-5","TBD","habitability-risk"
"SAMPLE-RH-0102","Jun","Unit sample 42","Water Intrusion/Drywall","Sheetrock","High","sample-Jun-13","sample + 1 day","sample + 1-2 days","sample + 2-10 days","Completed","Maintenance + vendor","External vendor likely","Sanitized sample Water Intrusion/Drywall request for Sheetrock.","Yes","Yes","Yes","No","sample 3-5","TBD","habitability-risk"
"SAMPLE-RH-0103","Jun","Unit sample 43","Water Intrusion/Drywall","Ceiling stain","High","sample-Jun-14","sample + 1 day","sample + 1-2 days","sample + 2-10 days","Completed","Maintenance + vendor","External vendor likely","Sanitized sample Water Intrusion/Drywall request for Ceiling stain.","Yes","Yes","No","No","sample 3-5","TBD","habitability-risk"
"SAMPLE-RH-0104","Jun","Unit sample 44","Water Intrusion/Drywall","Wall moisture","High","sample-Jun-15","sample + 1 day","sample + 1-2 days","unavailable","Reopened","Maintenance + vendor","External vendor likely","Sanitized sample Water Intrusion/Drywall request for Wall moisture.","Yes","Yes","No","Yes","unavailable","TBD","habitability-risk"
"SAMPLE-RH-0105","Jun","Unit sample 45","Water Intrusion/Drywall","Mold / Mildew Issue","High","sample-Jun-16","sample + 1 day","sample + 1-2 days","unavailable","Open","Maintenance + vendor","External vendor likely","Sanitized sample Water Intrusion/Drywall request for Mold / Mildew Issue.","Yes","Yes","Yes","No","unavailable","TBD","habitability-risk"
"SAMPLE-RH-0106","Jun","Unit sample 46","Water Intrusion/Drywall","Sheetrock","High","sample-Jun-17","sample + 1 day","sample + 1-2 days","sample + 2-10 days","Completed","Maintenance + vendor","External vendor likely","Sanitized sample Water Intrusion/Drywall request for Sheetrock.","Yes","Yes","No","No","sample 3-5","TBD","habitability-risk"
"SAMPLE-RH-0107","Jun","Unit sample 47","Water Intrusion/Drywall","Ceiling stain","High","sample-Jun-18","sample + 1 day","sample + 1-2 days","sample + 2-10 days","Completed","Maintenance + vendor","External vendor likely","Sanitized sample Water Intrusion/Drywall request for Ceiling stain.","Yes","Yes","No","No","sample 3-5","TBD","habitability-risk"
"SAMPLE-RH-0108","Jun","Unit sample 48","Water Intrusion/Drywall","Wall moisture","High","sample-Jun-19","sample + 1 day","sample + 1-2 days","sample + 2-10 days","Completed","Maintenance + vendor","External vendor likely","Sanitized sample Water Intrusion/Drywall request for Wall moisture.","Yes","Yes","Yes","No","sample 3-5","TBD","habitability-risk"
"SAMPLE-RH-0109","Jun","Unit sample 49","Water Intrusion/Drywall","Mold / Mildew Issue","High","sample-Jun-20","sample + 1 day","sample + 1-2 days","sample + 2-10 days","Completed","Maintenance + vendor","External vendor likely","Sanitized sample Water Intrusion/Drywall request for Mold / Mildew Issue.","Yes","Yes","No","No","sample 3-5","TBD","habitability-risk"
"SAMPLE-RH-0110","Jul","Unit sample 50","Water Intrusion/Drywall","Sheetrock","High","sample-Jul-01","sample + 1 day","sample + 1-2 days","sample + 2-10 days","Completed","Maintenance + vendor","External vendor likely","Sanitized sample Water Intrusion/Drywall request for Sheetrock.","Yes","Yes","Unknown","No","sample 3-5","TBD","habitability-risk"
"SAMPLE-RH-0111","Jul","Unit sample 51","HVAC","Unit not cooling","Medium","sample-Jul-02","sample + 1 day","sample + 1-2 days","sample + 2-10 days","Completed","Maintenance + vendor","External vendor likely","Sanitized sample HVAC request for Unit not cooling.","No","Yes","Yes","No","sample 3-5","TBD","follow-up-required"
"SAMPLE-RH-0112","Jul","Unit sample 52","HVAC","Filter / vent issue","Medium","sample-Jul-03","sample + 1 day","sample + 1-2 days","unavailable","Open","Maintenance + vendor","External vendor likely","Sanitized sample HVAC request for Filter / vent issue.","No","Yes","No","No","unavailable","TBD","follow-up-required"
"SAMPLE-RH-0113","Jul","Unit sample 53","HVAC","Airflow","Medium","sample-Jul-04","sample + 1 day","sample + 1-2 days","sample + 2-10 days","Completed","Maintenance + vendor","External vendor likely","Sanitized sample HVAC request for Airflow.","No","Yes","No","No","sample 3-5","TBD","follow-up-required"
"SAMPLE-RH-0114","Jul","Unit sample 54","HVAC","Thermostat","Medium","sample-Jul-05","sample + 1 day","sample + 1-2 days","sample + 2-10 days","Completed","Maintenance + vendor","External vendor likely","Sanitized sample HVAC request for Thermostat.","No","Yes","Yes","No","sample 3-5","TBD","follow-up-required"
"SAMPLE-RH-0115","Jul","Unit sample 55","HVAC","Unit not cooling","Medium","sample-Jul-06","sample + 1 day","sample + 1-2 days","sample + 2-10 days","Completed","Maintenance + vendor","External vendor likely","Sanitized sample HVAC request for Unit not cooling.","No","Yes","Unknown","No","sample 3-5","TBD","follow-up-required"
"SAMPLE-RH-0116","Jul","Unit sample 56","HVAC","Filter / vent issue","Medium","sample-Jul-07","sample + 1 day","sample + 1-2 days","sample + 2-10 days","Completed","Maintenance + vendor","External vendor likely","Sanitized sample HVAC request for Filter / vent issue.","No","Yes","No","No","sample 3-5","TBD","follow-up-required"
"SAMPLE-RH-0117","Jul","Unit sample 57","HVAC","Airflow","Medium","sample-Jul-08","sample + 1 day","sample + 1-2 days","unavailable","Reopened","Maintenance + vendor","External vendor likely","Sanitized sample HVAC request for Airflow.","No","Yes","Yes","Yes","unavailable","TBD","follow-up-required"
"SAMPLE-RH-0118","Jul","Unit sample 58","HVAC","Thermostat","Medium","sample-Jul-09","sample + 1 day","sample + 1-2 days","sample + 2-10 days","Completed","Maintenance + vendor","External vendor likely","Sanitized sample HVAC request for Thermostat.","No","Yes","No","No","sample 3-5","TBD","follow-up-required"
"SAMPLE-RH-0119","Jul","Unit sample 59","HVAC","Unit not cooling","Medium","sample-Jul-10","sample + 1 day","sample + 1-2 days","unavailable","Open","Maintenance + vendor","External vendor likely","Sanitized sample HVAC request for Unit not cooling.","No","Yes","No","No","unavailable","TBD","follow-up-required"
"SAMPLE-RH-0120","Jul","Unit sample 60","HVAC","Filter / vent issue","Medium","sample-Jul-11","sample + 1 day","sample + 1-2 days","sample + 2-10 days","Completed","Maintenance + vendor","External vendor likely","Sanitized sample HVAC request for Filter / vent issue.","No","Yes","Yes","No","sample 3-5","TBD","follow-up-required"
"SAMPLE-RH-0121","Jul","Unit sample 01","HVAC","Airflow","Medium","sample-Jul-12","sample + 1 day","sample + 1-2 days","sample + 2-10 days","Completed","Maintenance + vendor","External vendor likely","Sanitized sample HVAC request for Airflow.","No","Yes","No","No","sample 3-5","TBD","follow-up-required"
"SAMPLE-RH-0122","Jul","Unit sample 02","HVAC","Thermostat","Medium","sample-Jul-13","sample + 1 day","sample + 1-2 days","sample + 2-10 days","Completed","Maintenance + vendor","External vendor likely","Sanitized sample HVAC request for Thermostat.","No","Yes","No","No","sample 3-5","TBD","follow-up-required"
"SAMPLE-RH-0123","Jul","Unit sample 03","HVAC","Unit not cooling","Medium","sample-Jul-14","sample + 1 day","sample + 1-2 days","sample + 2-10 days","Completed","Maintenance + vendor","External vendor likely","Sanitized sample HVAC request for Unit not cooling.","No","Yes","Yes","No","sample 3-5","TBD","follow-up-required"
"SAMPLE-RH-0124","Jul","Unit sample 04","HVAC","Filter / vent issue","Medium","sample-Jul-15","sample + 1 day","sample + 1-2 days","sample + 2-10 days","Completed","Maintenance + vendor","External vendor likely","Sanitized sample HVAC request for Filter / vent issue.","No","Yes","No","No","sample 3-5","TBD","follow-up-required"
"SAMPLE-RH-0125","Jul","Unit sample 05","HVAC","Airflow","Medium","sample-Jul-16","sample + 1 day","sample + 1-2 days","sample + 2-10 days","Completed","Maintenance + vendor","External vendor likely","Sanitized sample HVAC request for Airflow.","No","Yes","Unknown","No","sample 3-5","TBD","follow-up-required"
"SAMPLE-RH-0126","Jul","Unit sample 06","HVAC","Thermostat","Medium","sample-Jul-17","sample + 1 day","sample + 1-2 days","unavailable","Open","Maintenance + vendor","External vendor likely","Sanitized sample HVAC request for Thermostat.","No","Yes","Yes","No","unavailable","TBD","follow-up-required"
"SAMPLE-RH-0127","Jul","Unit sample 07","HVAC","Unit not cooling","Medium","sample-Jul-18","sample + 1 day","sample + 1-2 days","sample + 2-10 days","Completed","Maintenance + vendor","External vendor likely","Sanitized sample HVAC request for Unit not cooling.","No","Yes","No","No","sample 3-5","TBD","follow-up-required"
"SAMPLE-RH-0128","Aug","Unit sample 08","HVAC","Filter / vent issue","Medium","sample-Aug-01","sample + 1 day","sample + 1-2 days","sample + 2-10 days","Completed","Maintenance + vendor","External vendor likely","Sanitized sample HVAC request for Filter / vent issue.","No","Yes","No","No","sample 3-5","TBD","follow-up-required"
"SAMPLE-RH-0129","Aug","Unit sample 09","HVAC","Airflow","Medium","sample-Aug-02","sample + 1 day","sample + 1-2 days","sample + 2-10 days","Completed","Maintenance + vendor","External vendor likely","Sanitized sample HVAC request for Airflow.","No","Yes","Yes","No","sample 3-5","TBD","follow-up-required"
"SAMPLE-RH-0130","Aug","Unit sample 10","HVAC","Thermostat","Medium","sample-Aug-03","sample + 1 day","sample + 1-2 days","unavailable","Reopened","Maintenance + vendor","External vendor likely","Sanitized sample HVAC request for Thermostat.","No","Yes","Unknown","Yes","unavailable","TBD","follow-up-required"
"SAMPLE-RH-0131","Aug","Unit sample 11","HVAC","Unit not cooling","Medium","sample-Aug-04","sample + 1 day","sample + 1-2 days","sample + 2-10 days","Completed","Maintenance + vendor","External vendor likely","Sanitized sample HVAC request for Unit not cooling.","No","Yes","No","No","sample 3-5","TBD","follow-up-required"
"SAMPLE-RH-0132","Aug","Unit sample 12","HVAC","Filter / vent issue","Medium","sample-Aug-05","sample + 1 day","sample + 1-2 days","sample + 2-10 days","Completed","Maintenance + vendor","External vendor likely","Sanitized sample HVAC request for Filter / vent issue.","No","Yes","Yes","No","sample 3-5","TBD","follow-up-required"
"SAMPLE-RH-0133","Aug","Unit sample 13","Heating & Cooling","Heat not working","High","sample-Aug-06","sample + 1 day","sample + 1-2 days","unavailable","Open","Maintenance + vendor","External vendor likely","Sanitized sample Heating & Cooling request for Heat not working.","No","Yes","No","No","unavailable","TBD","habitability-risk"
"SAMPLE-RH-0134","Aug","Unit sample 14","Heating & Cooling","Heater inspection","High","sample-Aug-07","sample + 1 day","sample + 1-2 days","sample + 2-10 days","Completed","Maintenance + vendor","External vendor likely","Sanitized sample Heating & Cooling request for Heater inspection.","No","Yes","No","No","sample 3-5","TBD","habitability-risk"
"SAMPLE-RH-0135","Aug","Unit sample 15","Heating & Cooling","Seasonal heat issue","High","sample-Aug-08","sample + 1 day","sample + 1-2 days","sample + 2-10 days","Completed","Maintenance + vendor","External vendor likely","Sanitized sample Heating & Cooling request for Seasonal heat issue.","No","Yes","Yes","No","sample 3-5","TBD","habitability-risk"
"SAMPLE-RH-0136","Aug","Unit sample 16","Heating & Cooling","Heat not working","High","sample-Aug-09","sample + 1 day","sample + 1-2 days","sample + 2-10 days","Completed","Maintenance + vendor","External vendor likely","Sanitized sample Heating & Cooling request for Heat not working.","No","Yes","No","No","sample 3-5","TBD","habitability-risk"
"SAMPLE-RH-0137","Aug","Unit sample 17","Heating & Cooling","Heater inspection","High","sample-Aug-10","sample + 1 day","sample + 1-2 days","sample + 2-10 days","Completed","Maintenance + vendor","External vendor likely","Sanitized sample Heating & Cooling request for Heater inspection.","No","Yes","No","No","sample 3-5","TBD","habitability-risk"
"SAMPLE-RH-0138","Aug","Unit sample 18","Heating & Cooling","Seasonal heat issue","High","sample-Aug-11","sample + 1 day","sample + 1-2 days","sample + 2-10 days","Completed","Maintenance + vendor","External vendor likely","Sanitized sample Heating & Cooling request for Seasonal heat issue.","No","Yes","Yes","No","sample 3-5","TBD","habitability-risk"
"SAMPLE-RH-0139","Aug","Unit sample 19","Heating & Cooling","Heat not working","High","sample-Aug-12","sample + 1 day","sample + 1-2 days","sample + 2-10 days","Completed","Maintenance + vendor","External vendor likely","Sanitized sample Heating & Cooling request for Heat not working.","No","Yes","No","No","sample 3-5","TBD","habitability-risk"
"SAMPLE-RH-0140","Aug","Unit sample 20","Heating & Cooling","Heater inspection","High","sample-Aug-13","sample + 1 day","sample + 1-2 days","unavailable","Open","Maintenance + vendor","External vendor likely","Sanitized sample Heating & Cooling request for Heater inspection.","No","Yes","Unknown","No","unavailable","TBD","habitability-risk"
"SAMPLE-RH-0141","Aug","Unit sample 21","Heating & Cooling","Seasonal heat issue","High","sample-Aug-14","sample + 1 day","sample + 1-2 days","sample + 2-10 days","Completed","Maintenance + vendor","External vendor likely","Sanitized sample Heating & Cooling request for Seasonal heat issue.","No","Yes","Yes","No","sample 3-5","TBD","habitability-risk"
"SAMPLE-RH-0142","Aug","Unit sample 22","Heating & Cooling","Heat not working","High","sample-Aug-15","sample + 1 day","sample + 1-2 days","sample + 2-10 days","Completed","Maintenance + vendor","External vendor likely","Sanitized sample Heating & Cooling request for Heat not working.","No","Yes","No","No","sample 3-5","TBD","habitability-risk"
"SAMPLE-RH-0143","Aug","Unit sample 23","Heating & Cooling","Heater inspection","High","sample-Aug-16","sample + 1 day","sample + 1-2 days","unavailable","Reopened","Maintenance + vendor","External vendor likely","Sanitized sample Heating & Cooling request for Heater inspection.","No","Yes","No","Yes","unavailable","TBD","habitability-risk"
"SAMPLE-RH-0144","Aug","Unit sample 24","Heating & Cooling","Seasonal heat issue","High","sample-Aug-17","sample + 1 day","sample + 1-2 days","sample + 2-10 days","Completed","Maintenance + vendor","External vendor likely","Sanitized sample Heating & Cooling request for Seasonal heat issue.","No","Yes","Yes","No","sample 3-5","TBD","habitability-risk"
"SAMPLE-RH-0145","Aug","Unit sample 25","Heating & Cooling","Heat not working","High","sample-Aug-18","sample + 1 day","sample + 1-2 days","sample + 2-10 days","Completed","Maintenance + vendor","External vendor likely","Sanitized sample Heating & Cooling request for Heat not working.","No","Yes","Unknown","No","sample 3-5","TBD","habitability-risk"
"SAMPLE-RH-0146","Aug","Unit sample 26","Heating & Cooling","Heater inspection","High","sample-Aug-19","sample + 1 day","sample + 1-2 days","sample + 2-10 days","Completed","Maintenance + vendor","External vendor likely","Sanitized sample Heating & Cooling request for Heater inspection.","No","Yes","No","No","sample 3-5","TBD","habitability-risk"
"SAMPLE-RH-0147","Sep","Unit sample 27","Heating & Cooling","Seasonal heat issue","High","sample-Sep-01","sample + 1 day","sample + 1-2 days","unavailable","Open","Maintenance + vendor","External vendor likely","Sanitized sample Heating & Cooling request for Seasonal heat issue.","No","Yes","Yes","No","unavailable","TBD","habitability-risk"
"SAMPLE-RH-0148","Sep","Unit sample 28","Heating & Cooling","Heat not working","High","sample-Sep-02","sample + 1 day","sample + 1-2 days","sample + 2-10 days","Completed","Maintenance + vendor","External vendor likely","Sanitized sample Heating & Cooling request for Heat not working.","No","Yes","No","No","sample 3-5","TBD","habitability-risk"
"SAMPLE-RH-0149","Sep","Unit sample 29","Heating & Cooling","Heater inspection","High","sample-Sep-03","sample + 1 day","sample + 1-2 days","sample + 2-10 days","Completed","Maintenance + vendor","External vendor likely","Sanitized sample Heating & Cooling request for Heater inspection.","No","Yes","No","No","sample 3-5","TBD","habitability-risk"
"SAMPLE-RH-0150","Sep","Unit sample 30","Heating & Cooling","Seasonal heat issue","High","sample-Sep-04","sample + 1 day","sample + 1-2 days","sample + 2-10 days","Completed","Maintenance + vendor","External vendor likely","Sanitized sample Heating & Cooling request for Seasonal heat issue.","No","Yes","Yes","No","sample 3-5","TBD","habitability-risk"
"SAMPLE-RH-0151","Sep","Unit sample 31","Heating & Cooling","Heat not working","High","sample-Sep-05","sample + 1 day","sample + 1-2 days","sample + 2-10 days","Completed","Maintenance + vendor","External vendor likely","Sanitized sample Heating & Cooling request for Heat not working.","No","Yes","No","No","sample 3-5","TBD","habitability-risk"
"SAMPLE-RH-0152","Sep","Unit sample 32","Heating & Cooling","Heater inspection","High","sample-Sep-06","sample + 1 day","sample + 1-2 days","sample + 2-10 days","Completed","Maintenance + vendor","External vendor likely","Sanitized sample Heating & Cooling request for Heater inspection.","No","Yes","No","No","sample 3-5","TBD","habitability-risk"
"SAMPLE-RH-0153","Sep","Unit sample 33","Doors and Windows","Sliding Door","Medium","sample-Sep-07","sample + 1 day","sample + 1-2 days","sample + 2-10 days","Completed","Maintenance","Internal maintenance first","Sanitized sample Doors and Windows request for Sliding Door.","Yes","Yes","Yes","No","sample 3-5","TBD","follow-up-required"
"SAMPLE-RH-0154","Sep","Unit sample 34","Doors and Windows","Door Repair","Medium","sample-Sep-08","sample + 1 day","sample + 1-2 days","unavailable","Open","Maintenance","Internal maintenance first","Sanitized sample Doors and Windows request for Door Repair.","Yes","Yes","No","No","unavailable","TBD","follow-up-required"
"SAMPLE-RH-0155","Sep","Unit sample 35","Doors and Windows","Window repair","Medium","sample-Sep-09","sample + 1 day","sample + 1-2 days","sample + 2-10 days","Completed","Maintenance","Internal maintenance first","Sanitized sample Doors and Windows request for Window repair.","Yes","Yes","Unknown","No","sample 3-5","TBD","follow-up-required"
"SAMPLE-RH-0156","Sep","Unit sample 36","Doors and Windows","Seal / draft issue","Medium","sample-Sep-10","sample + 1 day","sample + 1-2 days","unavailable","Reopened","Maintenance","Internal maintenance first","Sanitized sample Doors and Windows request for Seal / draft issue.","Yes","Yes","Yes","Yes","unavailable","TBD","follow-up-required"
"SAMPLE-RH-0157","Sep","Unit sample 37","Doors and Windows","Sliding Door","Medium","sample-Sep-11","sample + 1 day","sample + 1-2 days","sample + 2-10 days","Completed","Maintenance","Internal maintenance first","Sanitized sample Doors and Windows request for Sliding Door.","Yes","Yes","No","No","sample 3-5","TBD","follow-up-required"
"SAMPLE-RH-0158","Sep","Unit sample 38","Doors and Windows","Door Repair","Medium","sample-Sep-12","sample + 1 day","sample + 1-2 days","sample + 2-10 days","Completed","Maintenance","Internal maintenance first","Sanitized sample Doors and Windows request for Door Repair.","Yes","Yes","No","No","sample 3-5","TBD","follow-up-required"
"SAMPLE-RH-0159","Sep","Unit sample 39","Doors and Windows","Window repair","Medium","sample-Sep-13","sample + 1 day","sample + 1-2 days","sample + 2-10 days","Completed","Maintenance","Internal maintenance first","Sanitized sample Doors and Windows request for Window repair.","Yes","Yes","Yes","No","sample 3-5","TBD","follow-up-required"
"SAMPLE-RH-0160","Sep","Unit sample 40","Doors and Windows","Seal / draft issue","Medium","sample-Sep-14","sample + 1 day","sample + 1-2 days","sample + 2-10 days","Completed","Maintenance","Internal maintenance first","Sanitized sample Doors and Windows request for Seal / draft issue.","Yes","Yes","Unknown","No","sample 3-5","TBD","follow-up-required"
"SAMPLE-RH-0161","Sep","Unit sample 41","Doors and Windows","Sliding Door","Medium","sample-Sep-15","sample + 1 day","sample + 1-2 days","unavailable","Open","Maintenance","Internal maintenance first","Sanitized sample Doors and Windows request for Sliding Door.","Yes","Yes","No","No","unavailable","TBD","follow-up-required"
"SAMPLE-RH-0162","Sep","Unit sample 42","Doors and Windows","Door Repair","Medium","sample-Sep-16","sample + 1 day","sample + 1-2 days","sample + 2-10 days","Completed","Maintenance","Internal maintenance first","Sanitized sample Doors and Windows request for Door Repair.","Yes","Yes","Yes","No","sample 3-5","TBD","follow-up-required"
"SAMPLE-RH-0163","Sep","Unit sample 43","Doors and Windows","Window repair","Medium","sample-Sep-17","sample + 1 day","sample + 1-2 days","sample + 2-10 days","Completed","Maintenance","Internal maintenance first","Sanitized sample Doors and Windows request for Window repair.","Yes","Yes","No","No","sample 3-5","TBD","follow-up-required"
"SAMPLE-RH-0164","Sep","Unit sample 44","Doors and Windows","Seal / draft issue","Medium","sample-Sep-18","sample + 1 day","sample + 1-2 days","sample + 2-10 days","Completed","Maintenance","Internal maintenance first","Sanitized sample Doors and Windows request for Seal / draft issue.","Yes","Yes","No","No","sample 3-5","TBD","follow-up-required"
"SAMPLE-RH-0165","Oct","Unit sample 45","Doors and Windows","Sliding Door","Medium","sample-Oct-01","sample + 1 day","sample + 1-2 days","sample + 2-10 days","Completed","Maintenance","Internal maintenance first","Sanitized sample Doors and Windows request for Sliding Door.","Yes","Yes","Yes","No","sample 3-5","TBD","follow-up-required"
"SAMPLE-RH-0166","Oct","Unit sample 46","Doors and Windows","Door Repair","Medium","sample-Oct-02","sample + 1 day","sample + 1-2 days","sample + 2-10 days","Completed","Maintenance","Internal maintenance first","Sanitized sample Doors and Windows request for Door Repair.","Yes","Yes","No","No","sample 3-5","TBD","follow-up-required"
"SAMPLE-RH-0167","Oct","Unit sample 47","Doors and Windows","Window repair","Medium","sample-Oct-03","sample + 1 day","sample + 1-2 days","sample + 2-10 days","Completed","Maintenance","Internal maintenance first","Sanitized sample Doors and Windows request for Window repair.","Yes","Yes","No","No","sample 3-5","TBD","follow-up-required"
"SAMPLE-RH-0168","Oct","Unit sample 48","Doors and Windows","Seal / draft issue","Medium","sample-Oct-04","sample + 1 day","sample + 1-2 days","unavailable","Open","Maintenance","Internal maintenance first","Sanitized sample Doors and Windows request for Seal / draft issue.","Yes","Yes","Yes","No","unavailable","TBD","follow-up-required"
"SAMPLE-RH-0169","Oct","Unit sample 49","Doors and Windows","Sliding Door","Medium","sample-Oct-05","sample + 1 day","sample + 1-2 days","unavailable","Reopened","Maintenance","Internal maintenance first","Sanitized sample Doors and Windows request for Sliding Door.","Yes","Yes","No","Yes","unavailable","TBD","follow-up-required"
"SAMPLE-RH-0170","Oct","Unit sample 50","Doors and Windows","Door Repair","Medium","sample-Oct-06","sample + 1 day","sample + 1-2 days","sample + 2-10 days","Completed","Maintenance","Internal maintenance first","Sanitized sample Doors and Windows request for Door Repair.","Yes","Yes","Unknown","No","sample 3-5","TBD","follow-up-required"
"SAMPLE-RH-0171","Oct","Unit sample 51","Electrical","Breaker trip","High","sample-Oct-07","sample + 1 day","sample + 1-2 days","sample + 2-10 days","Completed","Maintenance","Internal maintenance first","Sanitized sample Electrical request for Breaker trip.","No","Yes","Yes","No","sample 3-5","TBD","habitability-risk"
"SAMPLE-RH-0172","Oct","Unit sample 52","Electrical","Ceiling fan","High","sample-Oct-08","sample + 1 day","sample + 1-2 days","sample + 2-10 days","Completed","Maintenance","Internal maintenance first","Sanitized sample Electrical request for Ceiling fan.","No","Yes","No","No","sample 3-5","TBD","habitability-risk"
"SAMPLE-RH-0173","Oct","Unit sample 53","Electrical","Outlet issue","High","sample-Oct-09","sample + 1 day","sample + 1-2 days","sample + 2-10 days","Completed","Maintenance","Internal maintenance first","Sanitized sample Electrical request for Outlet issue.","No","Yes","No","No","sample 3-5","TBD","habitability-risk"
"SAMPLE-RH-0174","Oct","Unit sample 54","Electrical","Light fixture","High","sample-Oct-10","sample + 1 day","sample + 1-2 days","sample + 2-10 days","Completed","Maintenance","Internal maintenance first","Sanitized sample Electrical request for Light fixture.","No","Yes","Yes","No","sample 3-5","TBD","habitability-risk"
"SAMPLE-RH-0175","Oct","Unit sample 55","Electrical","Breaker trip","High","sample-Oct-11","sample + 1 day","sample + 1-2 days","unavailable","Open","Maintenance","Internal maintenance first","Sanitized sample Electrical request for Breaker trip.","No","Yes","Unknown","No","unavailable","TBD","habitability-risk"
"SAMPLE-RH-0176","Oct","Unit sample 56","Electrical","Ceiling fan","High","sample-Oct-12","sample + 1 day","sample + 1-2 days","sample + 2-10 days","Completed","Maintenance","Internal maintenance first","Sanitized sample Electrical request for Ceiling fan.","No","Yes","No","No","sample 3-5","TBD","habitability-risk"
"SAMPLE-RH-0177","Oct","Unit sample 57","Electrical","Outlet issue","High","sample-Oct-13","sample + 1 day","sample + 1-2 days","sample + 2-10 days","Completed","Maintenance","Internal maintenance first","Sanitized sample Electrical request for Outlet issue.","No","Yes","Yes","No","sample 3-5","TBD","habitability-risk"
"SAMPLE-RH-0178","Oct","Unit sample 58","Electrical","Light fixture","High","sample-Oct-14","sample + 1 day","sample + 1-2 days","sample + 2-10 days","Completed","Maintenance","Internal maintenance first","Sanitized sample Electrical request for Light fixture.","No","Yes","No","No","sample 3-5","TBD","habitability-risk"
"SAMPLE-RH-0179","Oct","Unit sample 59","Electrical","Breaker trip","High","sample-Oct-15","sample + 1 day","sample + 1-2 days","sample + 2-10 days","Completed","Maintenance","Internal maintenance first","Sanitized sample Electrical request for Breaker trip.","No","Yes","No","No","sample 3-5","TBD","habitability-risk"
"SAMPLE-RH-0180","Oct","Unit sample 60","Electrical","Ceiling fan","High","sample-Oct-16","sample + 1 day","sample + 1-2 days","sample + 2-10 days","Completed","Maintenance","Internal maintenance first","Sanitized sample Electrical request for Ceiling fan.","No","Yes","Yes","No","sample 3-5","TBD","habitability-risk"
"SAMPLE-RH-0181","Oct","Unit sample 01","Electrical","Outlet issue","High","sample-Oct-17","sample + 1 day","sample + 1-2 days","sample + 2-10 days","Completed","Maintenance","Internal maintenance first","Sanitized sample Electrical request for Outlet issue.","No","Yes","No","No","sample 3-5","TBD","habitability-risk"
"SAMPLE-RH-0182","Nov","Unit sample 02","Electrical","Light fixture","High","sample-Nov-01","sample + 1 day","sample + 1-2 days","unavailable","Reopened","Maintenance","Internal maintenance first","Sanitized sample Electrical request for Light fixture.","No","Yes","No","Yes","unavailable","TBD","habitability-risk"
"SAMPLE-RH-0183","Nov","Unit sample 03","Electrical","Breaker trip","High","sample-Nov-02","sample + 1 day","sample + 1-2 days","sample + 2-10 days","Completed","Maintenance","Internal maintenance first","Sanitized sample Electrical request for Breaker trip.","No","Yes","Yes","No","sample 3-5","TBD","habitability-risk"
"SAMPLE-RH-0184","Nov","Unit sample 04","Electrical","Ceiling fan","High","sample-Nov-03","sample + 1 day","sample + 1-2 days","sample + 2-10 days","Completed","Maintenance","Internal maintenance first","Sanitized sample Electrical request for Ceiling fan.","No","Yes","No","No","sample 3-5","TBD","habitability-risk"
"SAMPLE-RH-0185","Nov","Unit sample 05","Electrical","Outlet issue","High","sample-Nov-04","sample + 1 day","sample + 1-2 days","sample + 2-10 days","Completed","Maintenance","Internal maintenance first","Sanitized sample Electrical request for Outlet issue.","No","Yes","Unknown","No","sample 3-5","TBD","habitability-risk"
"SAMPLE-RH-0186","Nov","Unit sample 06","Electrical","Light fixture","High","sample-Nov-05","sample + 1 day","sample + 1-2 days","sample + 2-10 days","Completed","Maintenance","Internal maintenance first","Sanitized sample Electrical request for Light fixture.","No","Yes","Yes","No","sample 3-5","TBD","habitability-risk"
"SAMPLE-RH-0187","Nov","Unit sample 07","Electrical","Breaker trip","High","sample-Nov-06","sample + 1 day","sample + 1-2 days","sample + 2-10 days","Completed","Maintenance","Internal maintenance first","Sanitized sample Electrical request for Breaker trip.","No","Yes","No","No","sample 3-5","TBD","habitability-risk"
"SAMPLE-RH-0188","Nov","Unit sample 08","Pest Control","Common-area pest issue","Medium","sample-Nov-07","sample + 1 day","sample + 1-2 days","sample + 2-10 days","Completed","Maintenance + vendor","External vendor likely","Sanitized sample Pest Control request for Common-area pest issue.","No","Yes","No","No","sample 3-5","TBD","follow-up-required"
"SAMPLE-RH-0189","Nov","Unit sample 09","Pest Control","Follow-up treatment","Medium","sample-Nov-08","sample + 1 day","sample + 1-2 days","unavailable","Open","Maintenance + vendor","External vendor likely","Sanitized sample Pest Control request for Follow-up treatment.","No","Yes","Yes","No","unavailable","TBD","follow-up-required"
"SAMPLE-RH-0190","Nov","Unit sample 10","Pest Control","Unit pest issue","Medium","sample-Nov-09","sample + 1 day","sample + 1-2 days","sample + 2-10 days","Completed","Maintenance + vendor","External vendor likely","Sanitized sample Pest Control request for Unit pest issue.","No","Yes","Unknown","No","sample 3-5","TBD","follow-up-required"
"SAMPLE-RH-0191","Nov","Unit sample 11","Pest Control","Common-area pest issue","Medium","sample-Nov-10","sample + 1 day","sample + 1-2 days","sample + 2-10 days","Completed","Maintenance + vendor","External vendor likely","Sanitized sample Pest Control request for Common-area pest issue.","No","Yes","No","No","sample 3-5","TBD","follow-up-required"
"SAMPLE-RH-0192","Nov","Unit sample 12","Pest Control","Follow-up treatment","Medium","sample-Nov-11","sample + 1 day","sample + 1-2 days","sample + 2-10 days","Completed","Maintenance + vendor","External vendor likely","Sanitized sample Pest Control request for Follow-up treatment.","No","Yes","Yes","No","sample 3-5","TBD","follow-up-required"
"SAMPLE-RH-0193","Nov","Unit sample 13","Pest Control","Unit pest issue","Medium","sample-Nov-12","sample + 1 day","sample + 1-2 days","sample + 2-10 days","Completed","Maintenance + vendor","External vendor likely","Sanitized sample Pest Control request for Unit pest issue.","No","Yes","No","No","sample 3-5","TBD","follow-up-required"
"SAMPLE-RH-0194","Nov","Unit sample 14","Pest Control","Common-area pest issue","Medium","sample-Nov-13","sample + 1 day","sample + 1-2 days","sample + 2-10 days","Completed","Maintenance + vendor","External vendor likely","Sanitized sample Pest Control request for Common-area pest issue.","No","Yes","No","No","sample 3-5","TBD","follow-up-required"
"SAMPLE-RH-0195","Nov","Unit sample 15","Pest Control","Follow-up treatment","Medium","sample-Nov-14","sample + 1 day","sample + 1-2 days","unavailable","Reopened","Maintenance + vendor","External vendor likely","Sanitized sample Pest Control request for Follow-up treatment.","No","Yes","Yes","Yes","unavailable","TBD","follow-up-required"
"SAMPLE-RH-0196","Nov","Unit sample 16","Pest Control","Unit pest issue","Medium","sample-Nov-15","sample + 1 day","sample + 1-2 days","unavailable","Open","Maintenance + vendor","External vendor likely","Sanitized sample Pest Control request for Unit pest issue.","No","Yes","No","No","unavailable","TBD","follow-up-required"
"SAMPLE-RH-0197","Nov","Unit sample 17","Pest Control","Common-area pest issue","Medium","sample-Nov-16","sample + 1 day","sample + 1-2 days","sample + 2-10 days","Completed","Maintenance + vendor","External vendor likely","Sanitized sample Pest Control request for Common-area pest issue.","No","Yes","No","No","sample 3-5","TBD","follow-up-required"
"SAMPLE-RH-0198","Nov","Unit sample 18","Pest Control","Follow-up treatment","Medium","sample-Nov-17","sample + 1 day","sample + 1-2 days","sample + 2-10 days","Completed","Maintenance + vendor","External vendor likely","Sanitized sample Pest Control request for Follow-up treatment.","No","Yes","Yes","No","sample 3-5","TBD","follow-up-required"
"SAMPLE-RH-0199","Nov","Unit sample 19","Pest Control","Unit pest issue","Medium","sample-Nov-18","sample + 1 day","sample + 1-2 days","sample + 2-10 days","Completed","Maintenance + vendor","External vendor likely","Sanitized sample Pest Control request for Unit pest issue.","No","Yes","No","No","sample 3-5","TBD","follow-up-required"
"SAMPLE-RH-0200","Nov","Unit sample 20","Pest Control","Common-area pest issue","Medium","sample-Nov-19","sample + 1 day","sample + 1-2 days","sample + 2-10 days","Completed","Maintenance + vendor","External vendor likely","Sanitized sample Pest Control request for Common-area pest issue.","No","Yes","Unknown","No","sample 3-5","TBD","follow-up-required"
"SAMPLE-RH-0201","Dec","Unit sample 21","Flooring","Trip hazard","Low","sample-Dec-01","sample + 1 day","sample + 1-2 days","sample + 2-10 days","Completed","Maintenance","Internal maintenance first","Sanitized sample Flooring request for Trip hazard.","Yes","Yes","Yes","No","sample 3-5","TBD","follow-up-required"
"SAMPLE-RH-0202","Dec","Unit sample 22","Flooring","Carpet wear","Low","sample-Dec-02","sample + 1 day","sample + 1-2 days","sample + 2-10 days","Completed","Maintenance","Internal maintenance first","Sanitized sample Flooring request for Carpet wear.","Yes","Yes","No","No","sample 3-5","TBD","follow-up-required"
"SAMPLE-RH-0203","Dec","Unit sample 23","Flooring","Plank flooring","Low","sample-Dec-03","sample + 1 day","sample + 1-2 days","unavailable","Open","Maintenance","Internal maintenance first","Sanitized sample Flooring request for Plank flooring.","Yes","Yes","No","No","unavailable","TBD","follow-up-required"
"SAMPLE-RH-0204","Dec","Unit sample 24","Flooring","Trip hazard","Low","sample-Dec-04","sample + 1 day","sample + 1-2 days","sample + 2-10 days","Completed","Maintenance","Internal maintenance first","Sanitized sample Flooring request for Trip hazard.","Yes","Yes","Yes","No","sample 3-5","TBD","follow-up-required"
"SAMPLE-RH-0205","Dec","Unit sample 25","Flooring","Carpet wear","Low","sample-Dec-05","sample + 1 day","sample + 1-2 days","sample + 2-10 days","Completed","Maintenance","Internal maintenance first","Sanitized sample Flooring request for Carpet wear.","Yes","Yes","Unknown","No","sample 3-5","TBD","follow-up-required"
"SAMPLE-RH-0206","Dec","Unit sample 26","Flooring","Plank flooring","Low","sample-Dec-06","sample + 1 day","sample + 1-2 days","sample + 2-10 days","Completed","Maintenance","Internal maintenance first","Sanitized sample Flooring request for Plank flooring.","Yes","Yes","No","No","sample 3-5","TBD","follow-up-required"
"SAMPLE-RH-0207","Dec","Unit sample 27","Flooring","Trip hazard","Low","sample-Dec-07","sample + 1 day","sample + 1-2 days","sample + 2-10 days","Completed","Maintenance","Internal maintenance first","Sanitized sample Flooring request for Trip hazard.","Yes","Yes","Yes","No","sample 3-5","TBD","follow-up-required"
"SAMPLE-RH-0208","Dec","Unit sample 28","Flooring","Carpet wear","Low","sample-Dec-08","sample + 1 day","sample + 1-2 days","unavailable","Reopened","Maintenance","Internal maintenance first","Sanitized sample Flooring request for Carpet wear.","Yes","Yes","No","Yes","unavailable","TBD","follow-up-required"
"SAMPLE-RH-0209","Dec","Unit sample 29","Flooring","Plank flooring","Low","sample-Dec-09","sample + 1 day","sample + 1-2 days","sample + 2-10 days","Completed","Maintenance","Internal maintenance first","Sanitized sample Flooring request for Plank flooring.","Yes","Yes","No","No","sample 3-5","TBD","follow-up-required"
"SAMPLE-RH-0210","Dec","Unit sample 30","Flooring","Trip hazard","Low","sample-Dec-10","sample + 1 day","sample + 1-2 days","unavailable","Open","Maintenance","Internal maintenance first","Sanitized sample Flooring request for Trip hazard.","Yes","Yes","Yes","No","unavailable","TBD","follow-up-required"
"SAMPLE-RH-0211","Dec","Unit sample 31","Painting","Faded paint","Low","sample-Dec-11","sample + 1 day","sample + 1-2 days","sample + 2-10 days","Completed","Maintenance","Internal maintenance first","Sanitized sample Painting request for Faded paint.","Yes","Yes","No","No","sample 3-5","TBD","follow-up-required"
"SAMPLE-RH-0212","Dec","Unit sample 32","Painting","Patch and paint","Low","sample-Dec-12","sample + 1 day","sample + 1-2 days","sample + 2-10 days","Completed","Maintenance","Internal maintenance first","Sanitized sample Painting request for Patch and paint.","Yes","Yes","No","No","sample 3-5","TBD","follow-up-required"
"SAMPLE-RH-0213","Dec","Unit sample 33","Painting","Turnover paint","Low","sample-Dec-13","sample + 1 day","sample + 1-2 days","sample + 2-10 days","Completed","Maintenance","Internal maintenance first","Sanitized sample Painting request for Turnover paint.","Yes","Yes","Yes","No","sample 3-5","TBD","follow-up-required"
"SAMPLE-RH-0214","Dec","Unit sample 34","Painting","Faded paint","Low","sample-Dec-14","sample + 1 day","sample + 1-2 days","sample + 2-10 days","Completed","Maintenance","Internal maintenance first","Sanitized sample Painting request for Faded paint.","Yes","Yes","No","No","sample 3-5","TBD","follow-up-required"
"SAMPLE-RH-0215","Dec","Unit sample 35","Painting","Patch and paint","Low","sample-Dec-15","sample + 1 day","sample + 1-2 days","sample + 2-10 days","Completed","Maintenance","Internal maintenance first","Sanitized sample Painting request for Patch and paint.","Yes","Yes","Unknown","No","sample 3-5","TBD","follow-up-required"
"SAMPLE-RH-0216","Dec","Unit sample 36","Painting","Turnover paint","Low","sample-Dec-16","sample + 1 day","sample + 1-2 days","sample + 2-10 days","Completed","Maintenance","Internal maintenance first","Sanitized sample Painting request for Turnover paint.","Yes","Yes","Yes","No","sample 3-5","TBD","follow-up-required"
"SAMPLE-RH-0217","Dec","Unit sample 37","Painting","Faded paint","Low","sample-Dec-17","sample + 1 day","sample + 1-2 days","unavailable","Open","Maintenance","Internal maintenance first","Sanitized sample Painting request for Faded paint.","Yes","Yes","No","No","unavailable","TBD","follow-up-required"
"SAMPLE-RH-0218","Dec","Unit sample 38","Painting","Patch and paint","Low","sample-Dec-18","sample + 1 day","sample + 1-2 days","sample + 2-10 days","Completed","Maintenance","Internal maintenance first","Sanitized sample Painting request for Patch and paint.","Yes","Yes","No","No","sample 3-5","TBD","follow-up-required"
